prac_id,prac_name,prac_license_number,prac_NPI_Number,prac_license_expiry_date,prac_date_of_birth,prac_gender,prac_bank_account_number,prac_contact_number,prac_email_address,prac_practice_address_line1,prac_practice_address_line2,prac_practice_city,prac_practice_state,prac_practice_pincode,prac_primary_specialty,prac_secondary_specialty,prac_taxonomy_code,prac_medical_school,prac_graduation_year,prac_primary_hospital_id,prac_is_solo_practice,prac_onboarding_date,prac_practitioner_status,prac_sanction_history_details
PRAC-1000,Indranil Iyer,MCI/MAH/42447,0949369145,2030-02-08,1962-12-24,Other,203629811270,99619143871,indranil.doc28@clinic.com,929- Gill Circle,Zacharia Ganj,Pune,Maharashtra,456481,Oncology,Pediatrics,207R00000X,Christian Medical College,1989,HOSP-0015,Y,2014-12-25,Active,
PRAC-1001,Hiran Tara,MCI/DEL/84101,6637611828,2029-05-29,1983-05-18,Other,108731723112,98116314113,hiran.doc69@clinic.com,069 Vyas Path,Sidhu Road,New Delhi,Delhi,110028,Cardiology,Neurology,207R00000X,Maulana Azad Medical College,2009,HOSP-0007,N,2014-11-06,Active,
PRAC-1002,Aaina Bath,MCI/DEL/13103,1786146281,2029-04-11,1980-03-15,Other,366117724902,99508759748,aaina.doc80@clinic.com,H.No. 03- Balakrishnan Street,,New Delhi,Delhi,110072,Pediatrics,Neurology,208000000X,Christian Medical College,2006,HOSP-0049,N,2018-05-20,Active,
PRAC-1003,Ivan Shanker,MCI/MAH/34299,1656719225,2027-03-06,1961-01-31,Male,079338335828,97266210573,ivan.doc70@clinic.com,03/750 Dhaliwal Zila,Varkey Road,Pune,Maharashtra,479734,Oncology,Pediatrics,207R00000X,JIPMER,1988,HOSP-0025,N,1996-12-28,Active,
PRAC-1004,Nishith Tandon,MCI/MAH/78944,0784184781,2028-02-13,1962-12-22,Female,509419771747,97820920350,nishith.doc51@clinic.com,20/407 Dada Street,,Pune,Maharashtra,450603,General Surgery,Cardiology,208600000X,Kasturba Medical College,1988,HOSP-0004,Y,1990-10-08,Active,
PRAC-1005,Anya Brar,MCI/DEL/17624,3472344769,2025-11-13,1976-12-14,Male,226874539948,98182575740,anya.doc28@clinic.com,827 Bhat Path,Salvi Marg,New Delhi,Delhi,110075,Pediatrics,Orthopedic Surgery,208000000X,All India Institute of Medical Sciences,2006,HOSP-0013,Y,2019-12-02,Active,
PRAC-1006,Lavanya Saran,MCI/KAR/70593,7421790455,2027-03-16,1964-04-30,Male,593744308952,99805264944,lavanya.doc75@clinic.com,H.No. 022 Bajwa Chowk,,Mysore,Karnataka,578583,General Surgery,Pediatrics,208600000X,Kasturba Medical College,1990,HOSP-0047,Y,2007-12-16,Active,
PRAC-1007,Hridaan Dass,MCI/TAM/96770,0768757619,2029-01-09,1970-08-12,Other,046956897253,98508943677,hridaan.doc56@clinic.com,99/75- Bandi Road,Kumer Circle,Coimbatore,Tamil Nadu,619253,Oncology,Neurology,207R00000X,Armed Forces Medical College,2000,HOSP-0019,Y,2021-01-14,Active,
PRAC-1008,Veer Shan,MCI/MAH/83946,8029364810,2028-05-05,1984-01-13,Male,505661777143,98787526274,veer.doc25@clinic.com,H.No. 019 Bhatia Circle,Joshi Path,Nagpur,Maharashtra,480879,Dermatology,General Practice,207N00000X,Kasturba Medical College,2008,HOSP-0015,Y,2022-12-18,Active,
PRAC-1009,Diya Grover,MCI/MAH/10926,5305961577,2027-05-11,1978-12-29,Other,785657564950,98082317173,diya.doc22@clinic.com,18/993- Desai Circle,,Nagpur,Maharashtra,456776,Pediatrics,General Surgery,208000000X,Kasturba Medical College,2006,HOSP-0010,Y,2015-10-01,Active,
PRAC-1010,Urvi Kari,MCI/KAR/39420,7985890574,2029-08-29,1974-09-24,Male,678520159596,98400465445,urvi.doc60@clinic.com,H.No. 23- Goel Path,,Mysore,Karnataka,563320,Dermatology,Oncology,207N00000X,Christian Medical College,1998,HOSP-0017,N,2022-03-16,Active,
PRAC-1011,Tara Deshpande,MCI/WES/84404,3895139485,2027-03-23,1976-09-07,Other,202975891356,98789503644,tara.doc30@clinic.com,644 Tara Nagar,,Howrah,West Bengal,707945,General Surgery,,208600000X,All India Institute of Medical Sciences,2001,HOSP-0007,Y,2013-06-09,Active,
PRAC-1012,Hansh Barman,MCI/MAH/99940,2451902797,2029-03-05,1975-09-10,Female,422914055467,98793300556,hansh.doc13@clinic.com,622 Rattan Nagar,Zachariah,Pune,Maharashtra,483477,Pediatrics,,208000000X,Maulana Azad Medical College,2001,HOSP-0010,N,2021-01-17,Active,
PRAC-1013,Vivaan Ganesan,MCI/MAH/71616,0578180213,2028-06-26,1978-03-06,Other,695861942994,97621839811,vivaan.doc18@clinic.com,89- Ganguly Road,Swamy Road,Mumbai,Maharashtra,465261,Cardiology,General Practice,207R00000X,All India Institute of Medical Sciences,2003,HOSP-0043,Y,2005-09-04,Active,
PRAC-1014,Kashvi Tata,MCI/KAR/80932,7214128829,2028-11-27,1968-07-06,Other,490955071193,99438155609,kashvi.doc65@clinic.com,17/303- Mallick Nagar,Joshi Marg,Bangalore,Karnataka,583618,Cardiology,Neurology,207R00000X,Christian Medical College,1993,HOSP-0025,Y,2013-04-21,Under Review,
PRAC-1015,Reyansh Zachariah,MCI/TAM/68716,9938201687,2026-11-26,1961-08-30,Other,997401619224,98228996371,reyansh.doc89@clinic.com,01 Sachdeva Path,Ramaswamy Zila,Madurai,Tamil Nadu,664055,General Practice,Dermatology,208D00000X,Christian Medical College,1986,HOSP-0017,N,2015-10-30,Active,
PRAC-1016,Taimur Grover,MCI/MAH/80535,7058304551,2029-11-09,1966-01-06,Male,825378068961,99882564562,taimur.doc97@clinic.com,24/549- Batra Chowk,Lall Nagar,Pune,Maharashtra,447288,Cardiology,Orthopedic Surgery,207R00000X,All India Institute of Medical Sciences,1991,HOSP-0022,N,2016-08-13,Active,
PRAC-1017,Kiaan Vala,MCI/WES/55198,2937863450,2026-11-27,1964-05-30,Female,611159596578,99226503686,kiaan.doc92@clinic.com,65/602- Venkataraman Nagar,Keer,Howrah,West Bengal,778110,Orthopedic Surgery,Oncology,207X00000X,Maulana Azad Medical College,1993,HOSP-0031,N,2021-05-10,Active,
PRAC-1018,Sahil Rege,MCI/MAH/35316,6637806777,2028-02-03,1990-07-08,Female,045939031033,99896980904,sahil.doc28@clinic.com,71/272- Gopal Street,,Pune,Maharashtra,462744,General Surgery,Oncology,208600000X,Maulana Azad Medical College,2015,HOSP-0014,N,2017-05-26,Active,
PRAC-1019,Vanya Deshpande,MCI/MAH/74186,0699152824,2028-11-21,1976-05-06,Male,639890140222,97326386202,vanya.doc36@clinic.com,H.No. 995 Shankar Ganj,Agarwal Street,Mumbai,Maharashtra,433233,Dermatology,General Practice,207N00000X,All India Institute of Medical Sciences,2004,HOSP-0034,Y,2017-06-11,Active,
PRAC-1020,Sumer Varkey,MCI/DEL/88512,0201664222,2028-03-07,1969-12-12,Other,309973569227,97261301855,sumer.doc8@clinic.com,05/01- Rajagopal Chowk,Mangal,New Delhi,Delhi,110087,General Surgery,Cardiology,208600000X,Kasturba Medical College,1994,HOSP-0048,N,2015-10-31,Under Review,
PRAC-1021,Raghav Khosla,MCI/DEL/22477,5237768986,2026-08-30,1994-02-10,Other,516523434888,97463353538,raghav.doc58@clinic.com,32/376- Sathe Street,Vasa Zila,New Delhi,Delhi,110024,Orthopedic Surgery,General Surgery,207X00000X,Christian Medical College,2023,HOSP-0014,Y,2025-02-27,Active,
PRAC-1022,Nishith Bhasin,MCI/DEL/99642,3969451996,2026-12-15,1980-04-11,Other,872091281485,97974335145,nishith.doc84@clinic.com,424- Bora Path,,New Delhi,Delhi,110068,Oncology,Orthopedic Surgery,207R00000X,Kasturba Medical College,2009,HOSP-0049,Y,2019-07-18,Under Review,
PRAC-1023,Amira Sharaf,MCI/TAM/48276,7983390992,2026-09-21,1993-01-18,Female,212003412899,99231653195,amira.doc69@clinic.com,53/87- Kumer Marg,,Chennai,Tamil Nadu,657877,General Practice,Orthopedic Surgery,208D00000X,All India Institute of Medical Sciences,2020,HOSP-0029,N,2024-03-22,Under Review,
PRAC-1024,Navya Manne,MCI/TAM/95678,7071130048,2030-06-14,1969-02-25,Other,509316658856,98782691952,navya.doc39@clinic.com,94/906 Basak,Vasa Chowk,Madurai,Tamil Nadu,604301,Oncology,Orthopedic Surgery,207R00000X,Armed Forces Medical College,1996,HOSP-0008,N,2025-04-23,Inactive,
PRAC-1025,Aaryahi Jayaraman,MCI/TAM/93459,0088799471,2028-07-18,1980-12-09,Other,575606488672,99577040271,aaryahi.doc76@clinic.com,40/641- Mandal Circle,,Coimbatore,Tamil Nadu,692932,Pediatrics,General Practice,208000000X,Kasturba Medical College,2005,HOSP-0029,Y,2010-12-12,Active,
PRAC-1026,Ehsaan Bir,MCI/DEL/80961,0874555163,2028-12-30,1996-07-14,Male,003181026596,98056025528,ehsaan.doc59@clinic.com,26/49- Konda Ganj,,New Delhi,Delhi,110052,Orthopedic Surgery,Neurology,207X00000X,All India Institute of Medical Sciences,2024,HOSP-0041,N,2026-01-01,Inactive,
PRAC-1027,Mannat Kalla,MCI/WES/82700,9640565088,2029-07-25,1978-08-21,Male,781211031226,97510780546,mannat.doc50@clinic.com,17- Bhatnagar Road,,Kolkata,West Bengal,771815,Oncology,General Surgery,207R00000X,Kasturba Medical College,2006,HOSP-0006,N,2023-05-01,Active,
PRAC-1028,Dhanuk Wadhwa,MCI/KAR/22509,1483498393,2029-05-14,1961-11-20,Female,167973818165,99445783418,dhanuk.doc44@clinic.com,62/072 Sharma,,Mysore,Karnataka,589371,Cardiology,,207R00000X,JIPMER,1987,HOSP-0022,N,2000-03-02,Active,
PRAC-1029,Piya Suri,MCI/TAM/41098,2099408309,2028-07-05,1959-12-01,Male,790826950519,98104445357,piya.doc81@clinic.com,07- D’Alia Path,,Coimbatore,Tamil Nadu,674861,General Practice,Cardiology,208D00000X,Kasturba Medical College,1986,HOSP-0039,Y,2014-02-17,Active,
PRAC-1030,Gatik Sachdev,MCI/MAH/95833,9440130956,2026-08-16,1988-11-22,Male,377836979481,97571832022,gatik.doc54@clinic.com,H.No. 313 Varughese Nagar,,Nagpur,Maharashtra,499928,Cardiology,Oncology,207R00000X,Maulana Azad Medical College,2018,HOSP-0038,N,2025-02-16,Active,
PRAC-1031,Samaira Sani,MCI/MAH/83491,9673355747,2028-10-14,1976-12-19,Male,902331822484,97056543059,samaira.doc67@clinic.com,H.No. 522- Jain Marg,Kannan Path,Nagpur,Maharashtra,471761,Oncology,Orthopedic Surgery,207R00000X,Kasturba Medical College,2005,HOSP-0013,N,2016-02-14,Active,
PRAC-1032,Nishith Thaker,MCI/MAH/32021,0004247589,2029-05-04,1992-10-29,Female,957806560828,98334843688,nishith.doc28@clinic.com,431 Gole Road,,Pune,Maharashtra,408927,Orthopedic Surgery,,207X00000X,JIPMER,2020,HOSP-0047,N,2023-11-10,Active,
PRAC-1033,Samiha Babu,MCI/WES/66690,9630229875,2029-04-29,1961-05-12,Male,685127483230,98849456520,samiha.doc6@clinic.com,35 Ahluwalia Street,Rajagopalan Marg,Howrah,West Bengal,772538,General Surgery,General Practice,208600000X,Armed Forces Medical College,1987,HOSP-0019,Y,1991-12-28,Active,
PRAC-1034,Aaina Kibe,MCI/DEL/46502,5666877328,2027-08-05,1977-11-05,Other,670828701291,99618733652,aaina.doc21@clinic.com,10/38- Bhandari Circle,,New Delhi,Delhi,110007,Cardiology,Pediatrics,207R00000X,Maulana Azad Medical College,2005,HOSP-0019,N,2024-04-10,Active,
PRAC-1035,Aniruddh Bansal,MCI/DEL/70518,3664429578,2028-12-15,1992-05-12,Other,415552244291,99399055477,aniruddh.doc84@clinic.com,52/74 Hayre Road,Bala,New Delhi,Delhi,110016,Cardiology,Dermatology,207R00000X,Maulana Azad Medical College,2018,HOSP-0042,N,2020-12-06,Active,
PRAC-1036,Samarth Vaidya,MCI/WES/53695,7696545859,2030-01-27,1987-12-15,Female,074258271084,99325490776,samarth.doc60@clinic.com,748 Rau Road,Kamdar Path,Kolkata,West Bengal,758117,Cardiology,General Practice,207R00000X,Kasturba Medical College,2012,HOSP-0014,N,2022-06-12,Active,
PRAC-1037,Arhaan Gala,MCI/WES/46565,7526301148,2029-03-21,1985-12-03,Male,518243287829,99885995424,arhaan.doc82@clinic.com,25 Shukla Ganj,Bhasin Chowk,Howrah,West Bengal,705534,Neurology,Pediatrics,2084N0400X,Christian Medical College,2011,HOSP-0003,Y,2024-02-13,Active,
PRAC-1038,Taran Gole,MCI/WES/26384,9619268563,2027-05-29,1996-04-06,Female,564813128530,99736975329,taran.doc74@clinic.com,H.No. 029 Char Zila,Bassi Zila,Howrah,West Bengal,768461,Orthopedic Surgery,,207X00000X,Christian Medical College,2022,HOSP-0040,Y,2025-06-24,Under Review,
PRAC-1039,Misha Raja,MCI/WES/94028,7833838057,2029-09-05,1979-12-20,Other,699709134243,97055372306,misha.doc90@clinic.com,08/25- Ratti Street,Chaudhari Marg,Howrah,West Bengal,731354,Oncology,,207R00000X,JIPMER,2006,HOSP-0046,Y,2019-12-15,Active,
PRAC-1040,Ivana Gour,MCI/WES/88001,5991185579,2026-09-27,1969-04-10,Male,079595284812,97195321962,ivana.doc64@clinic.com,438 Barman Chowk,,Howrah,West Bengal,727215,General Surgery,Neurology,208600000X,Maulana Azad Medical College,1995,HOSP-0031,N,2015-09-25,Active,
PRAC-1041,Mamooty Banerjee,MCI/DEL/28311,8421514256,2027-01-31,1986-01-01,Female,593748194781,97145747938,mamooty.doc48@clinic.com,H.No. 46 Chana Chowk,Tailor Nagar,New Delhi,Delhi,110005,General Practice,General Surgery,208D00000X,Armed Forces Medical College,2013,HOSP-0047,Y,2016-07-21,Active,
PRAC-1042,Lagan Rout,MCI/WES/32319,0907702023,2028-11-23,1996-03-03,Male,238032651249,99355607526,lagan.doc28@clinic.com,00 De Circle,,Howrah,West Bengal,747195,Neurology,,2084N0400X,JIPMER,2023,HOSP-0008,N,2025-06-12,Active,
PRAC-1043,Shayak Sehgal,MCI/DEL/35271,7464278709,2027-04-13,1966-09-27,Other,351958839368,97287828367,shayak.doc17@clinic.com,989- Thaker Path,,New Delhi,Delhi,110037,Pediatrics,Orthopedic Surgery,208000000X,Kasturba Medical College,1995,HOSP-0005,Y,2016-02-18,Active,
PRAC-1044,Charvi Bava,MCI/KAR/68816,2616305459,2029-01-16,1963-11-04,Other,101103603718,99011707216,charvi.doc4@clinic.com,63/374- Mani Street,Korpal Street,Mysore,Karnataka,576474,Orthopedic Surgery,Oncology,207X00000X,All India Institute of Medical Sciences,1991,HOSP-0013,N,2025-03-30,Active,
PRAC-1045,Indrans Barman,MCI/MAH/62286,4532618677,2029-11-05,1980-03-17,Male,498140966050,98947564791,indrans.doc10@clinic.com,93/203- Vig Zila,Deol Chowk,Mumbai,Maharashtra,454812,Dermatology,Cardiology,207N00000X,Kasturba Medical College,2008,HOSP-0004,Y,2024-07-29,Sanctioned,Provident occaecati sapiente quibusdam omnis quo pariatur quo quod modi nostrum quod.
PRAC-1046,Aradhya Chakrabarti,MCI/TAM/53497,5321199435,2026-04-15,1960-05-04,Other,708464065874,97689089627,aradhya.doc59@clinic.com,21/11- Dhaliwal Road,,Coimbatore,Tamil Nadu,659654,Cardiology,General Surgery,207R00000X,All India Institute of Medical Sciences,1987,HOSP-0003,N,2019-06-21,Active,
PRAC-1047,Pari Choudhury,MCI/TAM/16575,2451813121,2025-11-11,1980-08-19,Male,800735971717,99316333298,pari.doc69@clinic.com,H.No. 20 Rajan Ganj,,Madurai,Tamil Nadu,643084,General Practice,Cardiology,208D00000X,Kasturba Medical College,2005,HOSP-0007,Y,2013-04-22,Active,
PRAC-1048,Amira Tak,MCI/WES/36987,0009104908,2029-05-30,1992-07-26,Female,244735280475,99321223056,amira.doc12@clinic.com,09 Gulati Path,Buch Nagar,Howrah,West Bengal,706165,General Surgery,Dermatology,208600000X,Maulana Azad Medical College,2017,HOSP-0022,Y,2020-08-28,Active,
PRAC-1049,Nirvaan Rajan,MCI/DEL/29655,3896519973,2030-03-13,1982-12-11,Other,788210554760,97923304899,nirvaan.doc69@clinic.com,55/56- Comar Street,Kurian Circle,New Delhi,Delhi,110017,Pediatrics,Orthopedic Surgery,208000000X,JIPMER,2009,HOSP-0023,Y,2012-11-26,Active,
PRAC-1050,Anaya Kuruvilla,MCI/MAH/55999,6065367904,2030-02-13,1972-06-06,Male,584572681349,98574494353,anaya.doc8@clinic.com,58- Banerjee Road,,Mumbai,Maharashtra,410655,Oncology,,207R00000X,All India Institute of Medical Sciences,1999,HOSP-0046,Y,2017-06-25,Inactive,
PRAC-1051,Jayant Dada,MCI/MAH/98062,2703042098,2029-04-27,1961-08-16,Female,391787477351,99617090799,jayant.doc96@clinic.com,H.No. 26 Batra Street,Kulkarni Road,Pune,Maharashtra,453235,Dermatology,Neurology,207N00000X,Christian Medical College,1986,HOSP-0026,N,2013-03-31,Active,
PRAC-1052,Jayesh Chhabra,MCI/KAR/33899,5986957875,2029-04-04,1977-08-25,Female,650215579651,99112603609,jayesh.doc41@clinic.com,346 Karnik Road,Deshmukh,Mysore,Karnataka,573617,Cardiology,General Surgery,207R00000X,Kasturba Medical College,2006,HOSP-0003,Y,2021-06-25,Under Review,
PRAC-1053,Kimaya Sridhar,MCI/DEL/59138,4961110982,2027-03-06,1970-02-03,Other,389235727547,98931788959,kimaya.doc8@clinic.com,H.No. 208- Baria Marg,,New Delhi,Delhi,110053,Neurology,Oncology,2084N0400X,Maulana Azad Medical College,1998,HOSP-0022,N,2014-08-05,Active,
PRAC-1054,Kaira Mannan,MCI/KAR/20840,2124222311,2025-09-25,1990-02-05,Female,605964063311,99978112865,kaira.doc80@clinic.com,H.No. 38- Trivedi Chowk,,Bangalore,Karnataka,580066,Neurology,Dermatology,2084N0400X,Maulana Azad Medical College,2016,HOSP-0039,Y,2020-07-13,Inactive,
PRAC-1055,Gatik Brar,MCI/KAR/69936,4775666653,2027-06-15,1989-10-26,Male,508444179950,98179694364,gatik.doc88@clinic.com,H.No. 83- Gupta Road,,Mysore,Karnataka,570223,Cardiology,Orthopedic Surgery,207R00000X,Maulana Azad Medical College,2018,HOSP-0014,N,2023-01-08,Active,
PRAC-1056,Kimaya Ghose,MCI/WES/89905,8646004206,2029-04-21,1979-03-14,Male,723113265269,97669864894,kimaya.doc10@clinic.com,H.No. 49 Subramanian Marg,,Kolkata,West Bengal,703344,General Surgery,General Practice,208600000X,Armed Forces Medical College,2006,HOSP-0012,Y,2025-05-02,Inactive,
PRAC-1057,Azad Amble,MCI/MAH/28278,4598385224,2029-01-16,1991-03-19,Male,327275331946,99382290253,azad.doc85@clinic.com,64/799- Wali Path,Vyas Nagar,Mumbai,Maharashtra,457085,Cardiology,Neurology,207R00000X,Christian Medical College,2020,HOSP-0036,Y,2023-11-15,Active,
PRAC-1058,Anaya Gokhale,MCI/WES/14415,4174187116,2026-10-24,1976-08-05,Male,816775168029,99579195429,anaya.doc17@clinic.com,94/66- Banik Nagar,,Howrah,West Bengal,781503,Oncology,Pediatrics,207R00000X,JIPMER,2003,HOSP-0018,Y,2013-10-31,Active,
PRAC-1059,Urvi Ramaswamy,MCI/TAM/58805,2779275563,2029-09-25,1984-03-17,Other,046025494715,97020630579,urvi.doc97@clinic.com,58/80 Keer Road,Wable Path,Chennai,Tamil Nadu,610242,Pediatrics,Oncology,208000000X,Christian Medical College,2008,HOSP-0034,N,2011-03-22,Active,
PRAC-1060,Vanya Walla,MCI/KAR/61490,6537977088,2027-11-29,1963-03-10,Male,993147814048,97630739664,vanya.doc32@clinic.com,86 Biswas Street,,Bangalore,Karnataka,574468,Neurology,General Practice,2084N0400X,All India Institute of Medical Sciences,1991,HOSP-0013,N,1996-04-07,Active,
PRAC-1061,Devansh Chandra,MCI/DEL/53606,4665309727,2030-01-11,1994-06-21,Male,189043365262,99263351022,devansh.doc74@clinic.com,299 Suri Path,,New Delhi,Delhi,110053,Neurology,General Surgery,2084N0400X,Christian Medical College,2022,HOSP-0029,Y,2025-05-20,Active,
PRAC-1062,Miraan Agarwal,MCI/WES/41769,6273116350,2026-12-31,1961-08-15,Female,789607834198,97902234109,miraan.doc46@clinic.com,95/744 Madan Nagar,Chadha Chowk,Howrah,West Bengal,798494,Dermatology,Oncology,207N00000X,Armed Forces Medical College,1987,HOSP-0019,Y,1997-04-28,Active,
PRAC-1063,Devansh Iyengar,MCI/TAM/81652,7256322886,2029-12-12,1962-01-25,Male,872440964624,97976461445,devansh.doc67@clinic.com,H.No. 539 Konda Ganj,,Coimbatore,Tamil Nadu,671787,Oncology,,207R00000X,Kasturba Medical College,1988,HOSP-0018,Y,2010-04-12,Sanctioned,Animi exercitationem eum ducimus necessitatibus tempora a aut est aut.
PRAC-1064,Nishith Comar,MCI/KAR/49662,1887731469,2025-09-28,1996-06-13,Other,115337724776,97142981046,nishith.doc11@clinic.com,H.No. 77- Kata Ganj,,Mysore,Karnataka,579673,General Surgery,General Practice,208600000X,Armed Forces Medical College,2022,HOSP-0005,N,2024-10-29,Active,
PRAC-1065,Ivan Chowdhury,MCI/TAM/56351,0589991984,2026-10-12,1962-03-11,Female,839784798226,97167617793,ivan.doc34@clinic.com,H.No. 14 Kapoor Path,,Coimbatore,Tamil Nadu,685738,Oncology,Dermatology,207R00000X,Armed Forces Medical College,1988,HOSP-0013,Y,2004-07-07,Active,
PRAC-1066,Rati De,MCI/DEL/44807,3979783868,2026-09-04,1981-09-30,Other,314860894353,97455525883,rati.doc86@clinic.com,32 Bakshi Nagar,,New Delhi,Delhi,110080,General Practice,Pediatrics,208D00000X,All India Institute of Medical Sciences,2010,HOSP-0018,Y,2024-03-18,Active,
PRAC-1067,Tarini Bora,MCI/DEL/57672,8847083027,2027-11-19,1962-03-24,Other,060250872772,99989751240,tarini.doc68@clinic.com,H.No. 334- Gole Circle,,New Delhi,Delhi,110045,Dermatology,General Surgery,207N00000X,Armed Forces Medical College,1986,HOSP-0041,N,2019-03-16,Active,
PRAC-1068,Shaan Ramachandran,MCI/MAH/62453,0737022180,2028-11-20,1971-10-13,Male,753281678556,98167754274,shaan.doc41@clinic.com,H.No. 901- Kari Chowk,,Pune,Maharashtra,413967,Neurology,General Surgery,2084N0400X,Kasturba Medical College,1997,HOSP-0005,Y,2005-09-05,Active,
PRAC-1069,Raghav Bhatnagar,MCI/DEL/13101,8193182014,2027-01-27,1964-08-14,Other,377584950556,99615364748,raghav.doc66@clinic.com,H.No. 560- Agarwal Road,,New Delhi,Delhi,110055,General Practice,Dermatology,208D00000X,Kasturba Medical College,1992,HOSP-0019,N,2009-04-04,Active,
PRAC-1070,Umang Sama,MCI/TAM/48731,1974346526,2028-04-23,1978-01-27,Male,846609611205,97082946397,umang.doc10@clinic.com,H.No. 02 Kale Circle,,Madurai,Tamil Nadu,663295,Cardiology,Pediatrics,207R00000X,All India Institute of Medical Sciences,2005,HOSP-0035,N,2019-12-27,Under Review,
PRAC-1071,Drishya Kibe,MCI/MAH/21950,8580374316,2029-04-11,1982-01-23,Other,775167072648,98377069232,drishya.doc14@clinic.com,60 Kala Road,,Pune,Maharashtra,464796,Neurology,General Practice,2084N0400X,Kasturba Medical College,2008,HOSP-0025,N,2012-12-23,Active,
PRAC-1072,Diya Bali,MCI/DEL/90881,5448242268,2028-11-15,1983-10-06,Male,240099588913,98767690542,diya.doc14@clinic.com,60/11- Sen Road,Dasgupta Nagar,New Delhi,Delhi,110011,General Surgery,,208600000X,Kasturba Medical College,2013,HOSP-0049,Y,2018-10-22,Active,
PRAC-1073,Anay Ram,MCI/TAM/51764,7189160425,2026-04-20,1995-06-22,Other,904499066997,99736970476,anay.doc81@clinic.com,64/84- Swamy Marg,,Madurai,Tamil Nadu,684626,Pediatrics,Oncology,208000000X,JIPMER,2019,HOSP-0015,N,2024-10-13,Active,
PRAC-1074,Akarsh Sahota,MCI/MAH/54719,5024093142,2025-10-21,1997-07-14,Male,381903351769,99283735572,akarsh.doc84@clinic.com,71/898 Ghose Nagar,Kalla,Nagpur,Maharashtra,479970,Orthopedic Surgery,Pediatrics,207X00000X,Maulana Azad Medical College,2024,HOSP-0044,Y,2026-01-01,Active,
PRAC-1075,Kartik Raman,MCI/KAR/28662,2965852808,2026-12-02,1963-10-24,Female,395411402773,97037319701,kartik.doc63@clinic.com,65- Kunda Zila,Rao Zila,Mysore,Karnataka,572254,Pediatrics,General Surgery,208000000X,Armed Forces Medical College,1991,HOSP-0023,Y,2013-08-02,Sanctioned,Nemo suscipit id rem consectetur accusantium optio porro.
PRAC-1076,Vritika Loyal,MCI/WES/36708,0121711282,2029-09-09,1990-01-27,Other,662413428148,99501530937,vritika.doc34@clinic.com,H.No. 783 Varkey Marg,,Howrah,West Bengal,748680,General Surgery,Oncology,208600000X,Armed Forces Medical College,2019,HOSP-0050,Y,2022-05-16,Active,
PRAC-1077,Ela Dutta,MCI/DEL/13121,7414033439,2029-07-11,1985-06-30,Female,011745299680,99762018350,ela.doc98@clinic.com,H.No. 55 Issac Marg,,New Delhi,Delhi,110026,Oncology,Cardiology,207R00000X,JIPMER,2010,HOSP-0013,N,2017-09-29,Active,
PRAC-1078,Raghav Balakrishnan,MCI/KAR/48708,7783405047,2028-01-16,1966-01-17,Female,455840614764,97480177015,raghav.doc83@clinic.com,508- Gaba Marg,Bumb Road,Mysore,Karnataka,587902,General Surgery,Pediatrics,208600000X,All India Institute of Medical Sciences,1993,HOSP-0050,N,2017-03-20,Active,
PRAC-1079,Hrishita Cherian,MCI/DEL/40289,6912475210,2030-02-07,1968-02-14,Other,474468672296,99421857248,hrishita.doc65@clinic.com,H.No. 76- Bhatnagar Zila,,New Delhi,Delhi,110017,Cardiology,Pediatrics,207R00000X,Maulana Azad Medical College,1995,HOSP-0023,N,2014-01-04,Active,
PRAC-1080,Lagan Mane,MCI/TAM/73689,8708269546,2028-09-28,1966-01-14,Female,745664986835,98214124067,lagan.doc66@clinic.com,13 Doshi Street,,Chennai,Tamil Nadu,657754,General Surgery,Oncology,208600000X,Armed Forces Medical College,1995,HOSP-0018,Y,1997-08-01,Active,
PRAC-1081,Saanvi Singhal,MCI/DEL/75394,7862224781,2029-08-20,1978-12-23,Male,977093835632,97112844904,saanvi.doc19@clinic.com,16/32 Deshmukh Nagar,Khanna Nagar,New Delhi,Delhi,110068,General Surgery,Oncology,208600000X,Kasturba Medical College,2008,HOSP-0003,N,2022-09-12,Active,
PRAC-1082,Prerak Goda,MCI/DEL/46009,4985769322,2026-01-26,1977-10-27,Other,213477217108,97667868838,prerak.doc11@clinic.com,50/36 Kala Street,,New Delhi,Delhi,110040,General Surgery,Cardiology,208600000X,Maulana Azad Medical College,2003,HOSP-0032,Y,2006-06-05,Active,
PRAC-1083,Aayush Khosla,MCI/DEL/74401,1074815763,2029-04-15,1966-04-13,Female,253917261407,97518732448,aayush.doc15@clinic.com,H.No. 23 Bhatia Zila,,New Delhi,Delhi,110056,General Practice,Pediatrics,208D00000X,Armed Forces Medical College,1993,HOSP-0002,N,1999-10-19,Active,
PRAC-1084,Onkar Manda,MCI/KAR/95370,0790699676,2030-07-18,1968-03-01,Male,379907953795,97192155374,onkar.doc88@clinic.com,50 Sachar Zila,Joshi Nagar,Mysore,Karnataka,563057,Oncology,,207R00000X,JIPMER,1994,HOSP-0027,Y,2008-08-27,Sanctioned,Eligendi labore repudiandae eos veritatis illum doloribus maiores quo vero dolorem doloribus molestias maiores.
PRAC-1085,Tejas Ram,MCI/TAM/16689,2970282340,2026-07-15,1996-09-07,Female,912808810944,98162113701,tejas.doc88@clinic.com,H.No. 446 Tailor Road,,Madurai,Tamil Nadu,641089,Oncology,Orthopedic Surgery,207R00000X,Maulana Azad Medical College,2023,HOSP-0020,N,2025-01-31,Active,
PRAC-1086,Shamik Soni,MCI/MAH/46329,4085557278,2030-01-26,1976-08-19,Other,992754742612,97170874504,shamik.doc35@clinic.com,215- Singhal Road,,Pune,Maharashtra,402091,Dermatology,General Practice,207N00000X,Armed Forces Medical College,2001,HOSP-0017,Y,2005-12-20,Active,
PRAC-1087,Advika Vala,MCI/WES/36892,3686987287,2027-09-09,1994-03-27,Female,491126617164,99266378781,advika.doc90@clinic.com,52- Rege Nagar,,Kolkata,West Bengal,737837,Neurology,General Surgery,2084N0400X,Kasturba Medical College,2019,HOSP-0036,N,2022-08-17,Under Review,
PRAC-1088,Dhanuk Raj,MCI/MAH/37675,1201442787,2026-06-16,1978-01-12,Male,448306271994,98166227554,dhanuk.doc1@clinic.com,H.No. 99- Devi Chowk,Kibe Zila,Mumbai,Maharashtra,489427,Orthopedic Surgery,General Practice,207X00000X,All India Institute of Medical Sciences,2003,HOSP-0020,N,2013-11-02,Active,
PRAC-1089,Dishani Raja,MCI/WES/93130,5880413384,2030-07-12,1963-09-18,Other,158962336581,97922055264,dishani.doc95@clinic.com,H.No. 871 Gandhi Circle,,Kolkata,West Bengal,749846,General Surgery,Pediatrics,208600000X,All India Institute of Medical Sciences,1988,HOSP-0026,N,1999-09-18,Active,
PRAC-1090,Ritvik Dey,MCI/KAR/15186,5932172441,2025-08-31,1978-10-19,Male,944218597687,99498873340,ritvik.doc74@clinic.com,428 Rout Street,Ram,Bangalore,Karnataka,571584,Dermatology,Orthopedic Surgery,207N00000X,Maulana Azad Medical College,2005,HOSP-0050,N,2020-10-30,Active,
PRAC-1091,Ela Yohannan,MCI/DEL/74198,1051782249,2026-02-17,1990-07-03,Male,446120109165,97568558983,ela.doc47@clinic.com,H.No. 666- Babu Path,,New Delhi,Delhi,110074,Pediatrics,General Surgery,208000000X,Christian Medical College,2017,HOSP-0033,N,2022-04-16,Sanctioned,Autem deserunt similique ex fugiat ab animi nihil quidem voluptates.
PRAC-1092,Zara Boase,MCI/KAR/97683,1485073355,2030-04-24,1987-12-15,Male,583636986213,98152047322,zara.doc5@clinic.com,56/501 Jayaraman Street,Zachariah,Bangalore,Karnataka,572539,Neurology,,2084N0400X,Armed Forces Medical College,2016,HOSP-0028,Y,2025-01-14,Active,
PRAC-1093,Madhup Khatri,MCI/DEL/59830,6644992258,2028-11-28,1962-02-08,Other,309809442631,97732854884,madhup.doc59@clinic.com,09 Borah Street,Verma Street,New Delhi,Delhi,110098,Dermatology,Cardiology,207N00000X,Maulana Azad Medical College,1990,HOSP-0003,Y,1993-08-11,Active,
PRAC-1094,Raunak Kanda,MCI/TAM/16104,5201883381,2028-11-04,1966-03-12,Female,887846387418,99405604440,raunak.doc53@clinic.com,H.No. 786 Bhandari Path,,Coimbatore,Tamil Nadu,689215,Orthopedic Surgery,Pediatrics,207X00000X,All India Institute of Medical Sciences,1991,HOSP-0025,N,1998-03-15,Active,
PRAC-1095,Rohan Sami,MCI/WES/88499,9723480708,2028-11-20,1969-03-25,Male,898182646938,97391792567,rohan.doc15@clinic.com,071 Gade Nagar,Varughese Nagar,Kolkata,West Bengal,741770,Cardiology,Orthopedic Surgery,207R00000X,Maulana Azad Medical College,1993,HOSP-0036,N,2022-11-12,Active,
PRAC-1096,Nishith Tandon,MCI/WES/58048,5186331825,2027-04-04,1988-01-16,Male,635551509323,98376120874,nishith.doc32@clinic.com,20 Bumb Chowk,Apte Marg,Kolkata,West Bengal,749747,Neurology,General Practice,2084N0400X,JIPMER,2016,HOSP-0023,Y,2021-02-26,Active,
PRAC-1097,Nirvaan Kalita,MCI/MAH/84603,2226074770,2030-05-11,1996-07-19,Other,811941787952,98317272057,nirvaan.doc13@clinic.com,H.No. 431 Khurana Marg,Sarraf Zila,Pune,Maharashtra,472432,Orthopedic Surgery,Oncology,207X00000X,Maulana Azad Medical College,2023,HOSP-0047,Y,2025-02-25,Active,
PRAC-1098,Yasmin Solanki,MCI/WES/16561,9952265867,2029-10-12,1978-01-26,Other,164010215267,99807798755,yasmin.doc19@clinic.com,H.No. 516 Comar Marg,,Kolkata,West Bengal,758171,Dermatology,,207N00000X,All India Institute of Medical Sciences,2003,HOSP-0030,N,2020-10-07,Active,
PRAC-1099,Zara Bassi,MCI/WES/16033,8894453693,2027-11-01,1973-07-14,Male,672181512838,97653738135,zara.doc58@clinic.com,H.No. 71 Bobal Marg,,Howrah,West Bengal,789510,Cardiology,Dermatology,207R00000X,Kasturba Medical College,1997,HOSP-0010,N,2023-01-16,Inactive,
PRAC-1100,Vanya Raman,MCI/DEL/75233,5713787064,2029-03-23,1964-01-08,Male,734020438311,99702750338,vanya.doc9@clinic.com,35/735 Shankar Path,,New Delhi,Delhi,110065,Cardiology,Dermatology,207R00000X,Christian Medical College,1989,HOSP-0010,N,2009-04-17,Active,
PRAC-1101,Dhanuk Bhatt,MCI/WES/78635,1337787672,2027-08-24,1962-01-28,Female,064984759064,98317247033,dhanuk.doc52@clinic.com,15/86 Subramaniam Nagar,,Kolkata,West Bengal,758971,General Surgery,Oncology,208600000X,Armed Forces Medical College,1991,HOSP-0029,Y,2024-12-03,Active,
PRAC-1102,Krish Rastogi,MCI/MAH/50274,8142749946,2030-04-12,1975-12-13,Female,151101462591,98043350033,krish.doc32@clinic.com,H.No. 847- Suresh,,Mumbai,Maharashtra,420220,Orthopedic Surgery,Oncology,207X00000X,Kasturba Medical College,2001,HOSP-0027,N,2021-02-21,Active,
PRAC-1103,Nehmat Issac,MCI/DEL/48217,2112663442,2027-06-25,1990-11-01,Other,231418797553,98335372818,nehmat.doc15@clinic.com,43/79 Verma Street,,New Delhi,Delhi,110000,Cardiology,Dermatology,207R00000X,Armed Forces Medical College,2019,HOSP-0030,Y,2025-08-12,Active,
PRAC-1104,Tara Bir,MCI/KAR/33558,3596133636,2027-09-18,1987-10-31,Other,539605437430,98329322328,tara.doc15@clinic.com,84 Golla Ganj,Ratta,Mysore,Karnataka,579943,Orthopedic Surgery,General Practice,207X00000X,All India Institute of Medical Sciences,2015,HOSP-0038,N,2020-08-22,Active,
PRAC-1105,Stuvan Gala,MCI/MAH/27704,7828490008,2027-05-29,1989-04-20,Other,233675896982,99385897699,stuvan.doc33@clinic.com,H.No. 48- Bail Path,,Mumbai,Maharashtra,439243,Pediatrics,General Surgery,208000000X,All India Institute of Medical Sciences,2016,HOSP-0037,Y,2019-10-08,Active,
PRAC-1106,Aradhya Rout,MCI/MAH/15037,8426854549,2029-11-09,1978-01-08,Female,499587098420,98442579625,aradhya.doc5@clinic.com,79/667- Sridhar Marg,,Pune,Maharashtra,411473,General Practice,Dermatology,208D00000X,Kasturba Medical College,2002,HOSP-0020,Y,2004-08-11,Active,
PRAC-1107,Manikya Barad,MCI/MAH/44816,3043935040,2028-12-15,1981-11-27,Male,571283005191,99806902783,manikya.doc8@clinic.com,14/18- Goswami Marg,Kumar,Pune,Maharashtra,421555,Oncology,General Practice,207R00000X,Christian Medical College,2009,HOSP-0036,Y,2019-12-30,Active,
PRAC-1108,Mehul Bora,MCI/WES/66245,7993100456,2027-02-24,1977-08-07,Female,869686179440,99875968730,mehul.doc50@clinic.com,43/48 Keer Nagar,Kara Road,Kolkata,West Bengal,733943,Cardiology,Pediatrics,207R00000X,Christian Medical College,2001,HOSP-0015,N,2008-05-21,Active,
PRAC-1109,Myra Ray,MCI/MAH/79898,0128170215,2026-07-25,1980-04-15,Other,098669547954,97412909005,myra.doc14@clinic.com,07/51 Chandran Ganj,Dada Zila,Mumbai,Maharashtra,472258,Neurology,,2084N0400X,JIPMER,2006,HOSP-0001,Y,2016-12-11,Active,
PRAC-1110,Ranbir Anand,MCI/WES/88226,8870946287,2029-09-14,1989-04-09,Female,170405509626,99205748694,ranbir.doc31@clinic.com,H.No. 951 Krishnan Road,,Kolkata,West Bengal,799767,Oncology,Orthopedic Surgery,207R00000X,Christian Medical College,2014,HOSP-0029,Y,2021-05-26,Active,
PRAC-1111,Ryan Dash,MCI/KAR/94015,1858655029,2026-11-24,1960-02-10,Female,425646388365,99631868839,ryan.doc11@clinic.com,84/279 Arya Marg,Lanka Zila,Mysore,Karnataka,577795,General Surgery,,208600000X,Kasturba Medical College,1985,HOSP-0020,Y,1989-03-15,Active,
PRAC-1112,Ela Garg,MCI/MAH/52538,7017574335,2026-12-27,1982-11-10,Male,934437767223,99952715624,ela.doc47@clinic.com,79- Sane Chowk,,Pune,Maharashtra,472295,General Practice,General Surgery,208D00000X,Maulana Azad Medical College,2008,HOSP-0021,N,2014-05-28,Active,
PRAC-1113,Miraan Solanki,MCI/WES/79775,6379077692,2030-06-10,1990-07-18,Male,785588281307,98191349124,miraan.doc27@clinic.com,81/338 Ray Path,,Howrah,West Bengal,722434,Oncology,Pediatrics,207R00000X,JIPMER,2019,HOSP-0035,Y,2023-05-05,Active,
PRAC-1114,Navya Kuruvilla,MCI/WES/19430,4360862534,2028-07-24,1959-08-14,Other,734257948486,99057945041,navya.doc34@clinic.com,362- Barad Circle,,Howrah,West Bengal,751281,Dermatology,General Practice,207N00000X,Armed Forces Medical College,1984,HOSP-0009,N,1999-12-30,Under Review,
PRAC-1115,Navya Aggarwal,MCI/DEL/23739,4396880678,2028-04-07,1986-10-24,Male,586077864602,97846522007,navya.doc31@clinic.com,718- Bala Path,Verma Chowk,New Delhi,Delhi,110000,Dermatology,Orthopedic Surgery,207N00000X,JIPMER,2016,HOSP-0044,N,2019-09-29,Active,
PRAC-1116,Diya Date,MCI/DEL/99652,6814698024,2025-09-18,1993-11-30,Other,127584915389,99611451539,diya.doc17@clinic.com,H.No. 425 Walia Road,Anand Road,New Delhi,Delhi,110052,General Surgery,Pediatrics,208600000X,All India Institute of Medical Sciences,2021,HOSP-0044,N,2025-06-11,Active,
PRAC-1117,Prerak Kapoor,MCI/KAR/85983,8260733759,2029-12-08,1985-08-13,Other,512184120013,99283832355,prerak.doc80@clinic.com,H.No. 99- Bhatia,,Mysore,Karnataka,568242,Neurology,General Practice,2084N0400X,Christian Medical College,2014,HOSP-0004,Y,2023-03-16,Inactive,
PRAC-1118,Badal Subramaniam,MCI/TAM/83782,0931671695,2025-10-08,1969-04-24,Other,251775783883,99966635327,badal.doc8@clinic.com,16/543 Tank Marg,,Chennai,Tamil Nadu,643879,Dermatology,Orthopedic Surgery,207N00000X,JIPMER,1998,HOSP-0012,Y,2005-08-22,Active,
PRAC-1119,Uthkarsh Buch,MCI/WES/32290,9260177216,2027-03-04,1989-02-07,Female,781875668886,99013158142,uthkarsh.doc58@clinic.com,H.No. 57- Chopra Zila,Iyengar Nagar,Kolkata,West Bengal,794383,Orthopedic Surgery,Neurology,207X00000X,Armed Forces Medical College,2018,HOSP-0002,Y,2025-05-04,Active,
PRAC-1120,Kabir Dayal,MCI/WES/59446,3172539596,2029-07-02,1996-02-25,Other,909290857109,99265098773,kabir.doc39@clinic.com,86/45- Roy Street,,Kolkata,West Bengal,766363,Orthopedic Surgery,General Surgery,207X00000X,JIPMER,2023,HOSP-0009,Y,2025-06-28,Active,
PRAC-1121,Sara Kala,MCI/KAR/39774,9076027384,2029-12-13,1967-01-21,Female,420463667460,99316051027,sara.doc66@clinic.com,H.No. 448 Arora Zila,,Bangalore,Karnataka,567391,General Practice,,208D00000X,All India Institute of Medical Sciences,1991,HOSP-0012,N,2013-03-23,Active,
PRAC-1122,Tiya Sandal,MCI/TAM/71991,0869656132,2027-09-28,1993-04-04,Male,337995604325,97636346899,tiya.doc85@clinic.com,472- Ganguly Street,Rana Street,Coimbatore,Tamil Nadu,656547,Pediatrics,Neurology,208000000X,Armed Forces Medical College,2017,HOSP-0035,N,2022-05-25,Active,
PRAC-1123,Samaira Bawa,MCI/KAR/42565,4948579494,2027-07-18,1968-05-23,Female,204827242890,99356236009,samaira.doc65@clinic.com,84/16 Jhaveri Street,,Mysore,Karnataka,560817,Dermatology,General Surgery,207N00000X,Armed Forces Medical College,1993,HOSP-0012,N,2009-12-04,Active,
PRAC-1124,Kashvi Ahluwalia,MCI/MAH/33982,0736314550,2028-05-12,1960-02-27,Other,320132749381,97812076195,kashvi.doc87@clinic.com,H.No. 596- Viswanathan Chowk,Randhawa Path,Nagpur,Maharashtra,406925,Oncology,Orthopedic Surgery,207R00000X,Kasturba Medical College,1989,HOSP-0032,N,1992-06-25,Active,
PRAC-1125,Seher Aurora,MCI/TAM/13539,5328076917,2027-05-20,1978-04-14,Female,589236165731,99788433326,seher.doc40@clinic.com,40/583 Bajwa Marg,,Coimbatore,Tamil Nadu,657303,General Surgery,Dermatology,208600000X,Christian Medical College,2008,HOSP-0036,N,2016-11-28,Active,
PRAC-1126,Siya Grewal,MCI/MAH/43080,8252538398,2028-06-24,1967-10-08,Other,252782303501,97354083646,siya.doc80@clinic.com,632 Solanki Road,Atwal Marg,Nagpur,Maharashtra,478912,General Surgery,Cardiology,208600000X,JIPMER,1995,HOSP-0029,N,2025-06-13,Active,
PRAC-1127,Jayan Zacharia,MCI/TAM/69620,1981925664,2029-03-25,1976-11-10,Male,163903221522,99790636187,jayan.doc53@clinic.com,380- Dugar Circle,Atwal Zila,Chennai,Tamil Nadu,649259,Dermatology,Oncology,207N00000X,JIPMER,2006,HOSP-0043,Y,2018-05-16,Active,
PRAC-1128,Lakshay Zacharia,MCI/MAH/79340,2069849075,2026-02-22,1994-08-01,Other,083555052820,97536641096,lakshay.doc84@clinic.com,H.No. 73 Walia Road,,Nagpur,Maharashtra,430012,General Practice,,208D00000X,Christian Medical College,2023,HOSP-0046,Y,2025-06-11,Active,
PRAC-1129,Manjari Vasa,MCI/WES/95604,9529705875,2028-09-03,1977-03-12,Male,307931225488,97081431831,manjari.doc70@clinic.com,00/76 Gokhale Zila,Mall Path,Howrah,West Bengal,780157,Cardiology,Dermatology,207R00000X,Maulana Azad Medical College,2002,HOSP-0026,Y,2024-03-09,Active,
PRAC-1130,Kismat Chawla,MCI/TAM/92574,7570468787,2027-06-09,1971-11-15,Other,394212653368,97579936611,kismat.doc46@clinic.com,H.No. 250- Joshi Nagar,,Coimbatore,Tamil Nadu,639937,Cardiology,,207R00000X,All India Institute of Medical Sciences,1998,HOSP-0025,Y,2012-03-13,Under Review,
PRAC-1131,Riya Keer,MCI/DEL/82196,8303349276,2029-12-26,1969-12-26,Other,324621377072,97931707727,riya.doc99@clinic.com,79/497 Kashyap Ganj,Grewal Circle,New Delhi,Delhi,110037,Dermatology,Orthopedic Surgery,207N00000X,Armed Forces Medical College,1996,HOSP-0034,N,2000-01-16,Active,
PRAC-1132,Ivan Kumar,MCI/WES/17098,3372717734,2027-01-19,1974-07-02,Other,346449772877,99252055056,ivan.doc54@clinic.com,98/218- Toor Ganj,,Kolkata,West Bengal,704939,Pediatrics,General Practice,208000000X,JIPMER,2003,HOSP-0040,N,2021-08-13,Active,
PRAC-1133,Ayesha Sanghvi,MCI/TAM/18150,7975375007,2026-05-30,1965-06-19,Other,970582285086,97386250515,ayesha.doc57@clinic.com,63/08 Bhavsar Path,,Chennai,Tamil Nadu,684896,Orthopedic Surgery,Oncology,207X00000X,Maulana Azad Medical College,1991,HOSP-0001,Y,2022-04-11,Active,
PRAC-1134,Yasmin Kale,MCI/MAH/55897,1469965373,2026-05-16,1976-09-12,Other,120776307490,99373672326,yasmin.doc25@clinic.com,H.No. 998 Ranganathan Street,Deol Chowk,Pune,Maharashtra,498200,Oncology,Neurology,207R00000X,Kasturba Medical College,2001,HOSP-0050,N,2004-10-09,Active,
PRAC-1135,Adah Karpe,MCI/WES/25494,3930436885,2029-12-09,1967-05-17,Male,734744288129,97303129549,adah.doc77@clinic.com,38- Rajagopal Circle,,Kolkata,West Bengal,719382,General Surgery,Oncology,208600000X,Maulana Azad Medical College,1992,HOSP-0006,N,2008-12-20,Active,
PRAC-1136,Zaina Chowdhury,MCI/DEL/58822,4737688340,2028-06-18,1986-06-07,Male,564302895467,98382411277,zaina.doc22@clinic.com,H.No. 175- Sastry Marg,,New Delhi,Delhi,110025,Cardiology,Neurology,207R00000X,Christian Medical College,2010,HOSP-0034,N,2015-11-17,Active,
PRAC-1137,Advik Chokshi,MCI/WES/33203,7285960050,2028-12-19,1967-11-18,Other,558833218439,98336735633,advik.doc15@clinic.com,62/89- Venkataraman Zila,Sane Circle,Kolkata,West Bengal,782430,Dermatology,General Surgery,207N00000X,Maulana Azad Medical College,1994,HOSP-0047,N,2007-03-04,Active,
PRAC-1138,Parinaaz Amble,MCI/KAR/45807,3303520958,2026-11-06,1985-10-04,Male,346177312748,98902467719,parinaaz.doc94@clinic.com,23/66- Tak Circle,Rajan Ganj,Bangalore,Karnataka,589499,Orthopedic Surgery,Pediatrics,207X00000X,Kasturba Medical College,2010,HOSP-0036,N,2014-06-30,Inactive,
PRAC-1139,Priyansh Brahmbhatt,MCI/DEL/80372,3499812518,2027-07-02,1997-07-03,Female,604151891873,99433540182,priyansh.doc4@clinic.com,H.No. 178 Kuruvilla Nagar,,New Delhi,Delhi,110096,Orthopedic Surgery,Dermatology,207X00000X,Maulana Azad Medical College,2023,HOSP-0030,N,2025-02-16,Active,
PRAC-1140,Shanaya Ramaswamy,MCI/KAR/85458,6569531982,2026-01-25,1966-02-19,Male,059491089847,99863150266,shanaya.doc79@clinic.com,379 Varghese,,Mysore,Karnataka,566934,General Surgery,Dermatology,208600000X,Christian Medical College,1991,HOSP-0030,Y,2002-03-10,Sanctioned,Reprehenderit excepturi quibusdam amet mollitia iusto.
PRAC-1141,Misha Vig,MCI/WES/98948,5475848195,2030-02-22,1977-09-21,Male,657353094509,97130716429,misha.doc5@clinic.com,30/037- Dhar,Sharaf Circle,Howrah,West Bengal,741919,Cardiology,Orthopedic Surgery,207R00000X,Kasturba Medical College,2004,HOSP-0023,Y,2011-12-04,Active,
PRAC-1142,Samaira Dey,MCI/KAR/47458,3363731772,2028-11-29,1978-10-17,Male,033894001675,98003429389,samaira.doc22@clinic.com,869- Singhal Ganj,,Mysore,Karnataka,572848,Oncology,Orthopedic Surgery,207R00000X,All India Institute of Medical Sciences,2008,HOSP-0042,Y,2025-03-24,Active,
PRAC-1143,Pari Ramanathan,MCI/MAH/83424,8066681138,2029-03-03,1978-12-21,Female,964656370321,99436092258,pari.doc39@clinic.com,02 Sachdeva Chowk,Thaker Road,Pune,Maharashtra,432374,General Surgery,Orthopedic Surgery,208600000X,JIPMER,2007,HOSP-0001,Y,2013-07-13,Active,
PRAC-1144,Ranbir Sane,MCI/DEL/29875,9622310763,2027-07-04,1966-07-10,Other,227912784150,99042252777,ranbir.doc4@clinic.com,H.No. 41- Varty Path,,New Delhi,Delhi,110068,Oncology,General Practice,207R00000X,Armed Forces Medical College,1991,HOSP-0022,N,2021-12-16,Active,
PRAC-1145,Sahil Raj,MCI/TAM/18880,5787321338,2029-01-01,1984-11-21,Male,187343066123,98235666241,sahil.doc5@clinic.com,56/09 Jayaraman Street,,Chennai,Tamil Nadu,633227,Neurology,Pediatrics,2084N0400X,All India Institute of Medical Sciences,2012,HOSP-0020,N,2014-06-25,Active,
PRAC-1146,Raghav Dugal,MCI/MAH/27140,5273457973,2028-04-03,1972-07-09,Other,160977890369,98852479178,raghav.doc28@clinic.com,063- Shetty Nagar,Varughese Road,Nagpur,Maharashtra,423572,Orthopedic Surgery,General Practice,207X00000X,All India Institute of Medical Sciences,2002,HOSP-0010,N,2021-10-28,Active,
PRAC-1147,Parinaaz Bawa,MCI/KAR/68068,1616788188,2029-04-24,1968-12-21,Male,213697767116,97733639666,parinaaz.doc57@clinic.com,H.No. 083- Shan Nagar,,Bangalore,Karnataka,583008,Orthopedic Surgery,Oncology,207X00000X,Maulana Azad Medical College,1995,HOSP-0006,Y,2009-01-30,Inactive,
PRAC-1148,Mamooty Char,MCI/TAM/68182,1160696984,2028-05-09,1963-04-27,Female,776767708811,97717832466,mamooty.doc77@clinic.com,H.No. 848- Sehgal Chowk,,Coimbatore,Tamil Nadu,684611,Neurology,Pediatrics,2084N0400X,Maulana Azad Medical College,1992,HOSP-0003,Y,2024-04-07,Active,
PRAC-1149,Pranay Soni,MCI/DEL/97157,9022127404,2026-02-20,1986-07-28,Female,166727818135,97111263391,pranay.doc69@clinic.com,H.No. 98 Khanna Chowk,,New Delhi,Delhi,110051,Cardiology,Orthopedic Surgery,207R00000X,Kasturba Medical College,2014,HOSP-0002,Y,2016-04-22,Active,
PRAC-1150,Tejas Shroff,MCI/TAM/59964,7600785740,2027-03-05,1986-03-17,Female,066035111077,97991224573,tejas.doc24@clinic.com,86/541- Virk Chowk,,Coimbatore,Tamil Nadu,605039,Orthopedic Surgery,,207X00000X,Christian Medical College,2012,HOSP-0028,Y,2017-04-21,Under Review,
PRAC-1151,Prisha Tak,MCI/TAM/13585,2334207572,2028-04-20,1971-05-28,Other,449459782909,99024602235,prisha.doc46@clinic.com,H.No. 717- Ramaswamy Street,Zacharia Zila,Madurai,Tamil Nadu,669394,General Practice,Pediatrics,208D00000X,All India Institute of Medical Sciences,2000,HOSP-0049,N,2011-01-28,Active,
PRAC-1152,Abram Bhardwaj,MCI/MAH/56171,9350747402,2029-11-26,1990-10-23,Female,034487790697,98359026743,abram.doc58@clinic.com,60/33- Bhatti Nagar,Thakkar,Pune,Maharashtra,463401,General Surgery,,208600000X,JIPMER,2017,HOSP-0012,N,2024-01-11,Active,
PRAC-1153,Ranbir Shukla,MCI/KAR/58390,3406844263,2025-12-01,1974-07-10,Male,969277328458,97762017875,ranbir.doc31@clinic.com,H.No. 300- Golla Ganj,,Mysore,Karnataka,585036,Pediatrics,,208000000X,Christian Medical College,2002,HOSP-0025,Y,2008-07-01,Active,
PRAC-1154,Samar Mandal,MCI/DEL/13301,4996884836,2029-11-01,1986-04-09,Other,717747571894,99583958079,samar.doc43@clinic.com,07/02- Chacko Ganj,,New Delhi,Delhi,110042,Pediatrics,General Surgery,208000000X,Maulana Azad Medical College,2014,HOSP-0036,Y,2023-03-02,Active,
PRAC-1155,Advik Thakkar,MCI/DEL/91823,2319850614,2029-09-24,1972-03-03,Male,088179130514,97108877765,advik.doc69@clinic.com,H.No. 934- Bhagat Nagar,,New Delhi,Delhi,110000,General Surgery,Dermatology,208600000X,Armed Forces Medical College,1998,HOSP-0043,Y,2010-06-02,Active,
PRAC-1156,Adira Bora,MCI/KAR/55651,5142719346,2028-01-08,1974-07-22,Other,627723764703,97059139081,adira.doc22@clinic.com,72 Mall,,Mysore,Karnataka,589413,Orthopedic Surgery,Pediatrics,207X00000X,Armed Forces Medical College,2000,HOSP-0004,N,2012-03-06,Active,
PRAC-1157,Zoya Rajagopalan,MCI/WES/57366,1269372224,2029-04-26,1981-08-09,Female,612117603677,97703813426,zoya.doc86@clinic.com,064 Vasa,,Howrah,West Bengal,791107,Oncology,,207R00000X,Maulana Azad Medical College,2006,HOSP-0033,N,2009-03-07,Active,
PRAC-1158,Riya Sagar,MCI/KAR/64964,4723448690,2029-01-04,1960-06-25,Other,167075159177,97911979024,riya.doc4@clinic.com,90/02 Bhatti Nagar,,Bangalore,Karnataka,585139,Dermatology,Orthopedic Surgery,207N00000X,All India Institute of Medical Sciences,1985,HOSP-0031,N,2020-01-12,Active,
PRAC-1159,Prisha Gara,MCI/DEL/79599,9424953781,2029-07-15,1977-06-30,Other,571513843374,97597583726,prisha.doc16@clinic.com,H.No. 51- Das Chowk,Chandra Zila,New Delhi,Delhi,110098,Cardiology,Orthopedic Surgery,207R00000X,Armed Forces Medical College,2006,HOSP-0031,Y,2009-11-28,Active,
PRAC-1160,Onkar Rana,MCI/KAR/66419,5753536276,2030-07-13,1978-12-03,Other,841483900811,98429198861,onkar.doc71@clinic.com,06 Dutt Nagar,Basu Zila,Mysore,Karnataka,589398,Dermatology,,207N00000X,Kasturba Medical College,2005,HOSP-0009,N,2008-09-10,Active,
PRAC-1161,Mamooty Bhargava,MCI/MAH/37853,8804971261,2030-02-12,1964-08-06,Male,824665162801,99804379711,mamooty.doc92@clinic.com,59/841- Dey Marg,Chakrabarti Path,Nagpur,Maharashtra,416580,Oncology,General Practice,207R00000X,Kasturba Medical College,1991,HOSP-0031,Y,2011-02-26,Active,
PRAC-1162,Gokul Koshy,MCI/TAM/42530,5447688702,2028-08-06,1981-10-21,Other,353046231587,97184084293,gokul.doc38@clinic.com,H.No. 689 Sridhar Path,Thakur Marg,Coimbatore,Tamil Nadu,633435,Orthopedic Surgery,Cardiology,207X00000X,All India Institute of Medical Sciences,2009,HOSP-0049,Y,2017-05-21,Active,
PRAC-1163,Anaya Saxena,MCI/KAR/26823,9110611240,2027-03-10,1989-02-09,Female,889339450382,99001998821,anaya.doc59@clinic.com,H.No. 577 Bail Path,,Mysore,Karnataka,570414,Neurology,Oncology,2084N0400X,Kasturba Medical College,2014,HOSP-0006,N,2021-02-16,Active,
PRAC-1164,Shray Basak,MCI/MAH/70290,5639273728,2025-09-08,1968-07-10,Other,723833207203,99172132918,shray.doc32@clinic.com,67/783- Bandi Nagar,Sarkar,Mumbai,Maharashtra,400845,Orthopedic Surgery,Oncology,207X00000X,JIPMER,1998,HOSP-0023,Y,2006-09-24,Active,
PRAC-1165,Aarav Divan,MCI/TAM/10329,6631015320,2026-09-26,1985-11-24,Female,098970044055,99432281165,aarav.doc2@clinic.com,725 Rao Chowk,Loke Zila,Coimbatore,Tamil Nadu,668745,Dermatology,Oncology,207N00000X,JIPMER,2015,HOSP-0030,N,2023-03-17,Active,
PRAC-1166,Ahana  Jayaraman,MCI/TAM/98766,2529519936,2030-08-06,1963-08-13,Other,119349762099,97118266647,ahana.doc60@clinic.com,H.No. 913- Butala Zila,,Chennai,Tamil Nadu,623851,Oncology,Cardiology,207R00000X,Maulana Azad Medical College,1988,HOSP-0036,Y,1997-10-15,Active,
PRAC-1167,Siya Ramakrishnan,MCI/WES/13279,1937700847,2026-02-04,1970-11-21,Female,730865472943,98570302077,siya.doc77@clinic.com,H.No. 86- Wali Nagar,Sarkar Circle,Howrah,West Bengal,712382,General Surgery,Pediatrics,208600000X,Christian Medical College,1998,HOSP-0038,N,2005-10-31,Active,
PRAC-1168,Mishti Sarna,MCI/DEL/41331,9777413396,2027-08-27,1982-03-26,Other,629158545160,98674189665,mishti.doc73@clinic.com,85- Babu Marg,,New Delhi,Delhi,110040,General Surgery,Neurology,208600000X,Christian Medical College,2006,HOSP-0030,Y,2020-10-13,Active,
PRAC-1169,Mishti Tiwari,MCI/TAM/82871,2285507733,2027-02-14,1993-12-20,Female,644157060022,99542259826,mishti.doc77@clinic.com,50/339- Buch Marg,,Madurai,Tamil Nadu,659190,Oncology,Orthopedic Surgery,207R00000X,Kasturba Medical College,2019,HOSP-0032,N,2023-09-02,Active,
PRAC-1170,Aarna Char,MCI/KAR/99829,9325017709,2027-11-07,1987-04-21,Male,123731984335,99752122107,aarna.doc27@clinic.com,H.No. 66 Wali Chowk,Basak Nagar,Mysore,Karnataka,560682,Pediatrics,Oncology,208000000X,Christian Medical College,2013,HOSP-0045,Y,2019-08-08,Active,
PRAC-1171,Ivana Kara,MCI/DEL/22369,9188728521,2027-07-06,1989-10-04,Other,133995494786,97656036554,ivana.doc59@clinic.com,45/702- Agate Marg,,New Delhi,Delhi,110056,Neurology,General Surgery,2084N0400X,Armed Forces Medical College,2014,HOSP-0001,Y,2016-07-19,Active,
PRAC-1172,Emir Date,MCI/TAM/63468,9726080944,2026-02-20,1976-09-02,Female,131626472868,97393213910,emir.doc4@clinic.com,H.No. 298- Mahal Circle,,Madurai,Tamil Nadu,690784,Pediatrics,Dermatology,208000000X,All India Institute of Medical Sciences,2003,HOSP-0039,N,2006-03-25,Active,
PRAC-1173,Neelofar Korpal,MCI/DEL/94553,3715432648,2030-03-11,1968-12-19,Male,791509171890,98326465670,neelofar.doc34@clinic.com,14/005 Warrior,Vig Zila,New Delhi,Delhi,110063,Dermatology,Orthopedic Surgery,207N00000X,Christian Medical College,1994,HOSP-0010,Y,2014-07-29,Under Review,
PRAC-1174,Raunak Konda,MCI/KAR/27972,0837300216,2027-06-01,1977-03-27,Male,795412656243,99994407614,raunak.doc25@clinic.com,H.No. 19 Wagle Path,,Bangalore,Karnataka,562358,Dermatology,Orthopedic Surgery,207N00000X,Christian Medical College,2004,HOSP-0033,N,2007-01-02,Active,
PRAC-1175,Saksham Viswanathan,MCI/DEL/23550,4776991698,2027-05-02,1975-10-26,Other,607916039015,97866775464,saksham.doc46@clinic.com,123 Ramaswamy Circle,Shan Ganj,New Delhi,Delhi,110081,Oncology,General Surgery,207R00000X,JIPMER,2001,HOSP-0040,Y,2009-10-28,Active,
PRAC-1176,Samaira Varma,MCI/TAM/52222,1566376757,2025-09-11,1996-07-05,Other,375382187497,97540605569,samaira.doc33@clinic.com,H.No. 097 Ahuja Nagar,Chhabra Nagar,Madurai,Tamil Nadu,664133,Oncology,General Surgery,207R00000X,All India Institute of Medical Sciences,2025,HOSP-0035,N,2027-01-01,Active,
PRAC-1177,Arhaan Walla,MCI/TAM/89360,3563709044,2030-06-07,1994-12-01,Other,199077713854,98919546578,arhaan.doc81@clinic.com,31/698 Mangal Nagar,,Chennai,Tamil Nadu,673028,Pediatrics,Neurology,208000000X,JIPMER,2023,HOSP-0012,Y,2025-05-30,Active,
PRAC-1178,Yuvraj  Batta,MCI/MAH/51130,2443671743,2026-08-13,1981-05-31,Female,976256268202,99551696097,yuvraj.doc85@clinic.com,11/29 Dalal Zila,Ganesan Zila,Nagpur,Maharashtra,457188,Pediatrics,Cardiology,208000000X,Christian Medical College,2011,HOSP-0009,Y,2020-07-13,Active,
PRAC-1179,Miraan Krishnan,MCI/KAR/12731,9256556071,2030-02-05,1981-07-09,Male,235290639956,97752886537,miraan.doc18@clinic.com,93/05- Anand Path,Mammen Ganj,Bangalore,Karnataka,579735,Cardiology,Oncology,207R00000X,Maulana Azad Medical College,2005,HOSP-0049,Y,2010-02-20,Active,
PRAC-1180,Nitya Soni,MCI/KAR/52437,5631998250,2030-06-01,1985-02-23,Other,903493440376,97111915310,nitya.doc50@clinic.com,82/178 Dhar Marg,Gokhale Zila,Mysore,Karnataka,568905,General Practice,Oncology,208D00000X,Kasturba Medical College,2014,HOSP-0035,N,2022-12-30,Active,
PRAC-1181,Ishita Bahri,MCI/DEL/55567,1995206087,2029-09-16,1971-05-28,Male,819261954871,99849236648,ishita.doc64@clinic.com,831- Badami Nagar,Gokhale Zila,New Delhi,Delhi,110074,Cardiology,General Practice,207R00000X,Christian Medical College,1998,HOSP-0041,N,2025-04-25,Active,
PRAC-1182,Zoya Sibal,MCI/TAM/29181,5900762283,2030-06-05,1971-07-20,Other,145851919232,98293903255,zoya.doc76@clinic.com,721 Varughese Circle,,Madurai,Tamil Nadu,681857,Oncology,General Surgery,207R00000X,JIPMER,1999,HOSP-0003,N,2015-12-07,Active,
PRAC-1183,Anaya Baral,MCI/DEL/29820,6723735316,2029-07-29,1996-11-07,Male,878220126025,99029582544,anaya.doc67@clinic.com,97/75 Sani Nagar,Loyal Circle,New Delhi,Delhi,110037,Neurology,General Surgery,2084N0400X,Christian Medical College,2026,HOSP-0048,Y,2028-01-01,Active,
PRAC-1184,Jivin Kata,MCI/WES/91115,0028751051,2029-09-20,1979-01-22,Male,613857014366,98617540650,jivin.doc96@clinic.com,H.No. 785 Konda Circle,Saxena Chowk,Howrah,West Bengal,764382,Dermatology,Oncology,207N00000X,Maulana Azad Medical College,2004,HOSP-0035,N,2015-12-28,Active,
PRAC-1185,Vedika Samra,MCI/KAR/91582,6838944565,2027-07-22,1978-10-01,Other,271186125049,99455075409,vedika.doc81@clinic.com,H.No. 275- Anne Ganj,,Bangalore,Karnataka,576458,Oncology,General Surgery,207R00000X,Kasturba Medical College,2005,HOSP-0018,Y,2012-11-23,Active,
PRAC-1186,Oorja Mammen,MCI/DEL/85661,5422971877,2025-12-30,1962-09-22,Male,960786612906,97600414432,oorja.doc17@clinic.com,832 Anne Nagar,,New Delhi,Delhi,110002,Cardiology,General Surgery,207R00000X,JIPMER,1992,HOSP-0028,Y,2021-10-23,Active,
PRAC-1187,Tanya Srinivas,MCI/DEL/19502,9674923232,2030-05-09,1989-10-26,Female,391341284796,99281596625,tanya.doc54@clinic.com,31/75- Sangha,Gopal Circle,New Delhi,Delhi,110081,Cardiology,General Practice,207R00000X,All India Institute of Medical Sciences,2014,HOSP-0043,Y,2017-06-07,Active,
PRAC-1188,Gokul Joshi,MCI/DEL/71291,6556960357,2029-09-15,1990-04-04,Male,435759827830,97215828304,gokul.doc26@clinic.com,H.No. 897 Buch,Rege Road,New Delhi,Delhi,110004,Orthopedic Surgery,Cardiology,207X00000X,Christian Medical College,2015,HOSP-0005,Y,2021-03-03,Active,
PRAC-1189,Riya De,MCI/WES/99080,6333048664,2025-10-07,1960-02-29,Male,605597933682,97708304196,riya.doc81@clinic.com,31/148- Gera Chowk,Wagle,Kolkata,West Bengal,715594,Neurology,,2084N0400X,All India Institute of Medical Sciences,1984,HOSP-0033,Y,2020-02-20,Active,
PRAC-1190,Abram Kadakia,MCI/DEL/12158,9874714528,2029-02-28,1982-09-06,Male,594775722816,98287434925,abram.doc18@clinic.com,H.No. 634- Brar Path,,New Delhi,Delhi,110097,Pediatrics,Neurology,208000000X,Maulana Azad Medical College,2010,HOSP-0031,N,2021-03-04,Active,
PRAC-1191,Shray Bhatnagar,MCI/WES/35438,8419594882,2028-07-12,1975-08-13,Male,004212649411,98233424000,shray.doc71@clinic.com,43- Bajwa Zila,,Howrah,West Bengal,781867,Cardiology,Orthopedic Surgery,207R00000X,Armed Forces Medical College,2001,HOSP-0009,Y,2017-02-19,Active,
PRAC-1192,Damini Sankar,MCI/WES/19490,3181849588,2025-09-30,1962-01-03,Other,672915030178,98819296559,damini.doc19@clinic.com,29/57- Garde Circle,,Kolkata,West Bengal,724919,Pediatrics,Orthopedic Surgery,208000000X,Christian Medical College,1989,HOSP-0022,Y,1993-05-27,Active,
PRAC-1193,Divij Desai,MCI/DEL/48487,7902186444,2026-05-13,1991-09-20,Male,190742282762,99391210653,divij.doc19@clinic.com,H.No. 13 Ahluwalia Road,Bhavsar Ganj,New Delhi,Delhi,110026,Neurology,Dermatology,2084N0400X,Kasturba Medical College,2019,HOSP-0033,N,2024-04-20,Under Review,
PRAC-1194,Bhavin Edwin,MCI/TAM/19785,4102710808,2030-05-25,1986-07-10,Other,052782113860,97036669142,bhavin.doc6@clinic.com,44/96- Dayal Zila,,Madurai,Tamil Nadu,615007,Neurology,Pediatrics,2084N0400X,JIPMER,2014,HOSP-0048,N,2023-01-16,Active,
PRAC-1195,Rhea De,MCI/TAM/27183,4947323275,2029-08-17,1987-02-19,Male,151933525078,99974204414,rhea.doc17@clinic.com,H.No. 758- Raj Circle,,Madurai,Tamil Nadu,622720,Orthopedic Surgery,Cardiology,207X00000X,Armed Forces Medical College,2015,HOSP-0019,Y,2024-02-09,Active,
PRAC-1196,Manikya Gokhale,MCI/WES/40108,5459467684,2027-08-23,1973-03-29,Other,569532351040,99352265316,manikya.doc66@clinic.com,69- Upadhyay Path,,Kolkata,West Bengal,772297,Neurology,General Practice,2084N0400X,Armed Forces Medical College,1999,HOSP-0017,N,2001-04-05,Active,
PRAC-1197,Vidur Reddy,MCI/DEL/15152,1021834566,2027-05-18,1994-12-25,Female,529266919627,98068270138,vidur.doc44@clinic.com,H.No. 597- Rege Circle,Chana Marg,New Delhi,Delhi,110034,Orthopedic Surgery,General Practice,207X00000X,Christian Medical College,2020,HOSP-0040,N,2025-05-09,Active,
PRAC-1198,Ojas Garde,MCI/TAM/68175,3062511625,2026-03-04,1995-05-18,Female,787842016759,99623501545,ojas.doc90@clinic.com,27/337 Reddy Zila,,Madurai,Tamil Nadu,647094,Dermatology,General Surgery,207N00000X,JIPMER,2019,HOSP-0043,Y,2025-02-25,Active,
PRAC-1199,Dishani Bhattacharyya,MCI/KAR/32051,7841203284,2027-03-19,1977-05-25,Female,250145280085,97671910132,dishani.doc24@clinic.com,H.No. 93 Khurana Ganj,,Mysore,Karnataka,560200,Neurology,Pediatrics,2084N0400X,Armed Forces Medical College,2006,HOSP-0037,N,2014-07-05,Active,
